age,sex,cp,trestbps,chol,fbs,restecg,thalach,exang,oldpeak,slope,ca,thal
68.77683445301426,1,2,182.9052584723627,253.1673773315013,0,1,123.23046864075565,1,4.316932475930894,1,1,3
51.65865112655276,0,1,115.26657652317589,307.55697576170763,0,1,182.56031131234897,0,1.30773400731232,2,0,2
39.83699527094668,0,0,153.31806531682363,165.3341447066744,0,0,118.89153252282718,1,-0.9743516760796462,1,0,2
58.10087884380419,0,1,141.99676196409126,295.2231418255217,0,0,178.4440025289827,0,2.202281768655977,1,0,2
52.47363740116114,1,0,120.43703094438372,179.9799199157624,0,1,88.15721009789662,0,0.1580853725886599,1,1,3
40.47371057295944,0,0,131.16571838149935,220.66348650074715,0,1,163.1397065601128,0,1.3018041538513447,2,0,2
34.00673431926157,0,0,117.60545839084634,476.0733922434644,0,1,182.23758025194792,1,0.6450358653405818,2,0,2
39.005147390127824,0,0,146.96186622478135,186.5805396860847,0,0,136.9226419082367,1,-0.8413308369232136,1,0,2
53.88286123452039,1,2,131.5227266528193,301.340226140906,0,0,146.70467724342743,0,4.055817262573589,2,0,3
43.30573099263873,0,2,180.3817300964488,192.6986190496893,0,1,150.6279956417807,0,2.2342426216261417,2,1,2
68.43702361682301,1,0,129.72941961480055,143.55144819456393,0,0,96.56719860546784,1,2.9586315161119776,1,1,2
61.067251461293694,1,0,131.22915949858904,211.87466350758083,0,0,122.8035150620864,1,0.1023120298082483,1,0,3
65.90639474803574,0,0,166.4135404177963,102.45400242925017,0,1,135.11704278339164,0,0.6598528284110527,1,0,2
52.03618647006488,1,0,122.03915756975712,309.9609088560743,0,0,151.51713840576522,0,0.8936877050177398,2,0,3
61.791564092746334,1,0,147.53415890177976,179.51771709733038,0,0,133.30612187439493,0,2.850694855332983,2,0,1
55.47664368056866,1,3,146.7033516120306,289.4301602001383,0,0,212.49985768602124,0,0.3289893142907141,2,2,2
63.66658899379875,1,0,159.55973794824703,198.43475009709908,1,1,158.816137607424,0,4.859008689918054,1,2,3
62.51002703320259,0,0,144.48195668546455,215.64140992381104,0,1,169.30239038192144,1,1.3257353804815113,1,0,2
64.60979027846136,1,0,119.29847100553476,118.47236983511812,0,1,133.02657180571714,1,1.7028687613580598,1,1,3
56.66262474321414,1,0,151.5419778103577,291.771237452474,0,0,101.92402873310448,1,-0.5006267598036839,1,3,3
43.31772219775037,1,2,102.38985928380971,409.735650302292,0,1,149.14302590458198,0,0.0225825880968084,2,0,2
56.63876658852688,1,1,109.33866029496004,222.6083672136784,0,1,179.10803996672706,0,-1.4134809486574464,0,0,2
75.4374328002379,1,0,172.3100793109559,281.985059638779,1,0,149.32651882712656,0,2.157025114385302,1,3,3
53.57091920401224,1,0,130.41464536148712,213.23134843706035,0,1,142.99988081181044,0,0.1206699705780622,1,0,1
44.772953014339706,1,3,149.63871939348329,238.77563694056465,1,1,164.1105706471263,0,2.591239281450515,1,0,3
58.24560847623687,1,1,119.74991574634578,243.1534538028616,0,1,130.59939611403982,0,0.2064380463287838,2,0,3
59.9379042693559,1,2,121.01815190632747,222.0429520449272,0,1,166.865886330912,0,-1.1685119361820528,1,1,3
66.39469375741493,1,1,128.945135780654,304.2583274531879,0,1,155.94287531139355,0,0.9786645111264456,0,0,3
45.18312927117184,1,2,136.44497836155816,173.54195950563914,0,1,196.2735451651367,0,-0.947808313531166,2,4,2
40.86653983222949,0,2,109.61804753043084,293.79671115734243,0,0,169.9307198332118,1,-1.2183511813695187,2,0,2
65.17980274445384,1,3,125.57618025073825,228.9064779072743,1,0,153.74683883165332,0,0.3677411992513251,0,0,1
63.4902556088974,0,0,134.90224579431072,279.00843566409674,1,1,79.54034697998517,0,2.171565511572169,1,3,2
47.76938097360853,1,0,148.0596712968247,151.48682808357603,0,0,112.98102088563064,1,0.2608603906221793,1,1,3
81.79035382962854,1,1,124.58040904786998,307.8068431203652,0,1,120.16431977076172,1,-0.2868293765413669,1,3,1
70.47893591792312,1,1,176.18993563963846,255.89360084972432,0,0,105.8809578256236,0,0.5662341592225733,2,0,2
71.49455732480834,1,2,129.95539415863743,193.62937651294425,0,0,147.54715738384706,0,1.5573038964217605,1,3,3
58.09836899724343,1,1,122.31832937716432,291.43090754865085,0,0,121.64396622089468,0,2.085062140349448,2,0,2
45.26764804228407,1,0,141.21660179560587,322.63528576206704,0,0,151.02662420090277,0,3.25751371458977,1,2,3
36.14248649543865,0,1,111.5605947181304,208.96655899063157,0,1,143.6318765711022,0,0.1623211582221738,1,0,2
43.6559346224084,1,2,123.853713729709,338.9205394778099,0,0,209.9565086906393,0,1.5635214044939267,2,0,2
51.41405642220932,1,1,153.24863912051703,185.76443129520436,1,0,106.31828818319764,0,-1.3339170109537624,2,0,2
43.13552815317691,1,0,131.89663455466808,229.3424389088229,0,1,149.60434251340928,1,-1.137710180013666,2,0,3
61.6490467594668,1,0,148.6048404913535,210.37431000511077,0,1,108.29463031692296,1,2.049745077125276,0,0,3
48.57893779201979,1,0,161.82668661469225,347.7296938781215,1,0,90.23249563515922,1,1.4701808527722688,0,0,3
42.94590284230953,1,3,145.52009127528692,98.84270386252471,0,0,70.62249647261226,1,2.744319973088854,2,1,2
68.34093561038077,1,0,114.55550801345971,290.803788024496,0,0,96.13208206649972,1,2.794616680307106,1,2,3
